experiment_name,train_loss,val_loss
MLP_L2_U128_LR0001_BS500_E10000,7.590218592667952e-05,0.11384463310241699
MLP_L3_U128_LR0001_BS500_E10000,2.5575145627954043e-05,0.0683734118938446
MLP_L4_U128_LR0001_BS500_E10000,1.0227040547761135e-06,0.04861772805452347
MLP_L6_U128_LR0001_BS500_E10000,1.612858596677924e-10,0.06775803864002228
MLP_L8_U128_LR0001_BS500_E10000,9.014835752885197e-12,0.06694924086332321
MLP_L10_U128_LR0001_BS500_E10000,6.489016268762526e-11,0.09121361374855042
